{"cameraMode":{"drawMode":0,"name":"Shaded","section":"Shading Mode"},"sceneLighting":false,"audioPlay":false,"sceneViewState":{"showFog":true,"showMaterialUpdate":false,"showSkybox":false,"showFlares":true,"showImageEffects":true,"showParticleSystems":true},"in2DMode":false,"pivot":{"x":7.40000057220459,"y":1.5817785263061524,"z":23.80086898803711},"rotation":{"x":-0.37918663024902346,"y":0.5585021376609802,"z":-0.3181585371494293,"w":-0.6656469106674194},"size":2.8049516677856447,"orthographic":false}