{"cameraMode":{"drawMode":0,"name":"Shaded","section":"Shading Mode"},"sceneLighting":true,"audioPlay":false,"sceneViewState":{"showFog":true,"showMaterialUpdate":false,"showSkybox":true,"showFlares":true,"showImageEffects":true,"showParticleSystems":true},"in2DMode":false,"pivot":{"x":-12.371194839477539,"y":2.0098764896392824,"z":33.7666130065918},"rotation":{"x":-0.03272317349910736,"y":0.6329692602157593,"z":-0.026800142601132394,"w":-0.7730475068092346},"size":4.622562408447266,"orthographic":false}