{"cameraMode":{"drawMode":0,"name":"Shaded","section":"Shading Mode"},"sceneLighting":false,"audioPlay":false,"sceneViewState":{"showFog":true,"showMaterialUpdate":false,"showSkybox":false,"showFlares":true,"showImageEffects":true,"showParticleSystems":true},"in2DMode":false,"pivot":{"x":11.470000267028809,"y":1.5817785263061524,"z":17.18000030517578},"rotation":{"x":-0.37918663024902346,"y":0.5585021376609802,"z":-0.3181585371494293,"w":-0.6656469106674194},"size":3.2781970500946047,"orthographic":false}