{"cameraMode":{"drawMode":0,"name":"Shaded","section":"Shading Mode"},"sceneLighting":false,"audioPlay":false,"sceneViewState":{"showFog":true,"showMaterialUpdate":false,"showSkybox":false,"showFlares":true,"showImageEffects":true,"showParticleSystems":true},"in2DMode":false,"pivot":{"x":1.059999704360962,"y":1.1817787885665894,"z":23.799999237060548},"rotation":{"x":-0.37918663024902346,"y":0.5585021376609802,"z":-0.3181585371494293,"w":-0.6656469106674194},"size":3.79652738571167,"orthographic":false}