{"cameraMode":{"drawMode":0,"name":"Shaded","section":"Shading Mode"},"sceneLighting":false,"audioPlay":false,"sceneViewState":{"showFog":true,"showMaterialUpdate":false,"showSkybox":false,"showFlares":true,"showImageEffects":true,"showParticleSystems":true},"in2DMode":false,"pivot":{"x":-6.179999828338623,"y":1.5800007581710816,"z":17.62999725341797},"rotation":{"x":-0.37918663024902346,"y":0.5585021376609802,"z":-0.3181585371494293,"w":-0.6656469106674194},"size":3.657820463180542,"orthographic":false}